1
StoryModeCharacters
||
||
||
assets/storymodecharacters/zerg/smx1_kerrigandezerged/smx1_kerrigandezerged.m3
assets/storymodecharacters/zerg/smx1_kerrigandezerged/smx1_kerrigandezerged_xtras_zerg02_270.m3a
assets/storymodecharacters/terran/smx1_greasemonkeykachinsky/smx1_greasemonkeykachinsky_xtras_zerg03.m3a
assets/storymodecharacters/terran/sm_raynormarine_charanims/sm_raynormarine_charanims.m3a
assets/storymodecharacters/terran/sm_marine_01_dialogue11/sm_marine_01_dialogue11.m3a
assets/storymodecharacters/terran/sm_marine_01_dialogue07/sm_marine_01_dialogue07.m3a
assets/storymodecharacters/terran/sm_firstofficer_dialogue15/sm_firstofficer_dialogue15.m3a
assets/storymodecharacters/zerg/smx1_zerglingex1a/smx1_zerglingex1a.m3
assets/storymodecharacters/terran/smx1_raynormarine/smx1_raynormarine.m3
assets/storymodecharacters/terran/sm_colonist_lighting/sm_colonist_lighting.m3a
assets/storymodecharacters/zerg/smx1_eggroombanelingegg/smx1_eggroombanelingegg.m3
assets/storymodecharacters/terran/sm_arcturus/sm_arcturus.m3
assets/storymodecharacters/terran/sm_colonist_dialogue08/sm_colonist_dialogue08.m3a
assets/storymodecharacters/terran/sm_marine02_dialogue11/sm_marine02_dialogue11.m3a
assets/storymodecharacters/terran/sm_raynorcommander_dialogue05/sm_raynorcommander_dialogue05.m3a
assets/storymodecharacters/protoss/sm_zeratul_dialogue03/sm_zeratul_dialogue03.m3a
assets/storymodecharacters/zerg/sm_zergling/sm_zergling.m3
assets/storymodecharacters/terran/sm_marine01_dialogue06b/sm_marine01_dialogue06b.m3a
assets/storymodecharacters/zerg/smx1_kerrigandezerged/smx1_kerrigandezerged_xtras_zerg02.m3a
assets/storymodecharacters/terran/sm_marine02aod/sm_marine02aod.m3
assets/storymodecharacters/zerg/smx1_eggroomegg_lighting/smx1_eggroomegg_lighting.m3a
assets/storymodecharacters/zerg/smx1_kerrigandezerged/smx1_kerrigandezerged_xtras_zerg01_310.m3
assets/storymodecharacters/terran/sm_raynormarine_dialogue13/sm_raynormarine_dialogue13.m3a
assets/storymodecharacters/terran/sm_dropshipblue/sm_dropshipblue.m3
assets/storymodecharacters/terran/smx1_greasemonkeykachinsky/smx1_greasemonkeykachinsky.m3
assets/storymodecharacters/zerg/smx1_zerglingt1_requiredanims/smx1_zerglingt1_requiredanims.m3a
assets/storymodecharacters/terran/sm_leekeno_dialogue18/sm_leekeno_dialogue18.m3a
assets/storymodecharacters/terran/sm_raynorcommander_baranims/sm_raynorcommander_baranims.m3a
assets/storymodecharacters/terran/smx1_eliteguard/smx1_eliteguard_xtras_zerg01.m3a
assets/storymodecharacters/terran/sm_raynorcommander_lighting/sm_raynorcommander_lighting.m3a
assets/storymodecharacters/zerg/smx1_kerrigandezerged_requiredanims_portrait/smx1_kerrigandezerged_requiredanims_portrait.m3a
assets/storymodecharacters/terran/sm_raynorcommander/sm_raynorcommander.m3
assets/storymodecharacters/zerg/smx1_zergadjutant_lighting/smx1_zergadjutant_lighting.m3a
assets/storymodecharacters/terran/sm_marine03_dialogue17/sm_marine03_dialogue17.m3a
assets/storymodecharacters/terran/sm_char_gatlinggun/sm_char_gatlinggun.m3
assets/storymodecharacters/terran/smx1_nova/smx1_nova.m3a
assets/storymodecharacters/terran/sm_donnyvermillion/sm_donnyvermillion.m3
assets/storymodecharacters/zerg/smx1_banelingt1/smx1_banelingt1.m3
assets/storymodecharacters/terran/smx1_labdoctorb/smx1_labdoctorb.m3
assets/storymodecharacters/terran/smx1_greasemonkeyannabelle/smx1_greasemonkeyannabelle_xtras_zerg03.m3a
assets/storymodecharacters/zerg/smx1_roacht1a/smx1_roacht1a.m3
assets/storymodecharacters/terran/smx1_katelockwell/smx1_katelockwell.m3
assets/storymodecharacters/zerg/smx1_kerrigandezerged_lighting_eggroom/smx1_kerrigandezerged_lighting_eggroom.m3a
assets/storymodecharacters/terran/smx1_nova/smx1_nova.m3
assets/storymodecharacters/terran/sm_marine02aod_requiredanims/sm_marine02aod_requiredanims.m3a
assets/storymodecharacters/terran/smx1_valerian/smx1_valerian_xtras_zerg03.m3a
assets/storymodecharacters/zerg/smx1_infestedstukov/smx1_infestedstukov.m3
assets/storymodecharacters/zerg/smx1_kerrigandezerged/smx1_kerrigandezerged_xtras_zerg05.m3a
assets/storymodecharacters/zerg/smx1_eggroommutaliskegg/smx1_eggroommutaliskegg.m3
assets/storymodecharacters/terran/sm_hyperioncrew06/sm_hyperioncrew06.m3
assets/storymodecharacters/terran/sm_labtech01_requiredanims/sm_labtech01_requiredanims.m3a
assets/storymodecharacters/terran/sm_adjutant_facialanims/sm_adjutant_facialanims.m3a
assets/storymodecharacters/terran/sm_raynormarine_facialanims/sm_raynormarine_facialanims.m3a
assets/storymodecharacters/zerg/smx1_kerrigandezerged/smx1_kerrigandezerged_xtras_zerg01_310.m3a
assets/storymodecharacters/terran/sm_arcturushologram/sm_arcturushologram.m3
assets/storymodecharacters/terran/sm_fly_dialogue18/sm_fly_dialogue18.m3a
assets/storymodecharacters/zerg/smx1_zurvan/smx1_zurvan.m3
assets/storymodecharacters/zerg/smx1_zergadjutant_lighting/smx1_zergadjutant_lighting_02.m3a
assets/storymodecharacters/zerg/smx1_zerglingex1b/smx1_zerglingex1b.m3
assets/storymodecharacters/terran/sm_leekeno/sm_leekeno.m3
assets/storymodecharacters/terran/sm_hyperioncrew05_dialogue07/sm_hyperioncrew05_dialogue07.m3a
assets/storymodecharacters/terran/sm_marine_01_lighting/sm_marine_01_lighting.m3a
assets/storymodecharacters/terran/sm_dropship/sm_dropship.m3
assets/storymodecharacters/terran/sm_hyperioncrew01_requiredanims/sm_hyperioncrew01_requiredanims.m3a
assets/storymodecharacters/terran/smx1_labdoctora/smx1_labdoctora.m3
assets/storymodecharacters/zerg/smx1_zergadjutant_requiredanims_portrait/smx1_zergadjutant_requiredanims_portrait.m3a
assets/storymodecharacters/zerg/kerriganabilityuisurge/kerriganabilityuisurge.m3a
assets/storymodecharacters/terran/sm_firstofficer_requiredanimscomplex/sm_firstofficer_requiredanimscomplex.m3a
assets/storymodecharacters/zerg/smx1_zergadjutant_requiredanims/smx1_zergadjutant_requiredanims.m3a
assets/storymodecharacters/zerg/smx1_kerrigandezerged_lighting/smx1_kerrigandezerged_lighting.m3
assets/storymodecharacters/zerg/smx1_kerrigandezerged_lighting_kaldir/smx1_kerrigandezerged_lighting_kaldir.m3a
assets/storymodecharacters/terran/sm_adjutant_requiredanims/sm_adjutant_requiredanims.m3a
assets/storymodecharacters/zerg/smx1_kerrigandezerged_dialogue02/smx1_kerrigandezerged_dialogue02.m3a
assets/storymodecharacters/terran/smx1_officerbralik/smx1_officerbralik.m3
assets/storymodecharacters/zerg/smx1_ultraliskt1/smx1_ultraliskt1.m3
assets/storymodecharacters/terran/smx1_eliteguard/smx1_eliteguard_xtras_zerg02.m3a
assets/storymodecharacters/zerg/smx1_eggroomhydraliskegg/smx1_eggroomhydraliskegg.m3
assets/storymodecharacters/terran/sm_armoryviking/sm_armoryviking.m3
assets/storymodecharacters/zerg/sm_mutalisk_dialogue0505/sm_mutalisk_dialogue0505.m3a
assets/storymodecharacters/zerg/smx1_banelingt1b/smx1_banelingt1b.m3
assets/storymodecharacters/terran/sm_raynorcommander_dialogue16/sm_raynorcommander_dialogue16.m3a
assets/storymodecharacters/zerg/sm_mutalisk_dialogue0501/sm_mutalisk_dialogue0501.m3a
assets/storymodecharacters/zerg/sm_mutalisk_dialogue0504/sm_mutalisk_dialogue0504.m3a
assets/storymodecharacters/terran/sm_arcturus_requiredanims/sm_arcturus_requiredanims.m3a
assets/storymodecharacters/zerg/smx1_kerrigandezerged_lighting_mobius/smx1_kerrigandezerged_lighting_mobius.m3a
assets/storymodecharacters/zerg/smx1_zergling/smx1_zergling_xtras_zerg04.m3a
assets/storymodecharacters/zerg/smx1_zerglingt1/smx1_zerglingt1.m3
assets/storymodecharacters/zerg/smx1_kavi/smx1_kavi.m3
assets/storymodecharacters/terran/sm_hyperioncrew04_dialogue02b/sm_hyperioncrew04_dialogue02b.m3a
assets/storymodecharacters/zerg/sm_zergling_dialogue11/sm_zergling_dialogue11.m3a
assets/storymodecharacters/terran/smx1_labdoctorb/smx1_labdoctorb_xtras_zerg02.m3a
assets/storymodecharacters/terran/sm_raynorcommander_dialogue04/sm_raynorcommander_dialogue04.m3a
assets/storymodecharacters/terran/sm_marinerifle_dialogue11/sm_marinerifle_dialogue11.m3a
assets/storymodecharacters/terran/sm_banshee_dialogue11/sm_banshee_dialogue11.m3a
assets/storymodecharacters/terran/sm_raynorcommander_cantinaanims/sm_raynorcommander_cantinaanims.m3a
assets/storymodecharacters/terran/sm_raynormarine_lighting/sm_raynormarine_lighting.m3a
assets/storymodecharacters/terran/smx1_labdoctorb/smx1_labdoctorb_xtras_zerg01.m3a
assets/storymodecharacters/terran/sm_marine02_requiredanims/sm_marine02_requiredanims.m3a
assets/storymodecharacters/zerg/smx1_zergadjutant/smx1_zergadjutant.m3
assets/storymodecharacters/terran/smx1_raynormarine/smx1_raynormarine_xtras_zerg02.m3a
assets/storymodecharacters/zerg/smx1_eggroomzerglingegg/smx1_eggroomzerglingegg.m3
assets/storymodecharacters/terran/sm_raynorcommander_dialogue02b/sm_raynorcommander_dialogue02b.m3a
assets/storymodecharacters/terran/sm_marinerifle_dialogue06b/sm_marinerifle_dialogue06b.m3a
assets/storymodecharacters/terran/smx1_nova_dialogue02/smx1_nova_dialogue02.m3a
assets/storymodecharacters/zerg/smx1_kerrigandezerged_lighting_zerus/smx1_kerrigandezerged_lighting_zerus.m3a
assets/storymodecharacters/terran/sm_armorybanshee/sm_armorybanshee.m3
assets/storymodecharacters/terran/sm_viking_charanims/sm_viking_charanims.m3a
assets/storymodecharacters/terran/sm_labtech01_facialanims/sm_labtech01_facialanims.m3a
assets/storymodecharacters/terran/sm_marine_01_dialogue04/sm_marine_01_dialogue04.m3a
assets/storymodecharacters/terran/sm_marine_01_charanims/sm_marine_01_charanims.m3a
assets/storymodecharacters/terran/sm_siegetank/sm_siegetank.m3
assets/storymodecharacters/terran/sm_newsreporterfemale/sm_newsreporterfemale.m3
assets/storymodecharacters/terran/sm_mercenary01_requiredanims/sm_mercenary01_requiredanims.m3a
assets/storymodecharacters/terran/smx1_katelockwell/smx1_katelockwell_xtras_zerg04.m3a
assets/storymodecharacters/zerg/smx1_kerrigandezerged_lighting_char/smx1_kerrigandezerged_lighting_char.m3a
assets/storymodecharacters/terran/sm_firstofficer_dialogue10/sm_firstofficer_dialogue10.m3a
assets/storymodecharacters/terran/sm_hyperioncrew04_dialogue07/sm_hyperioncrew04_dialogue07.m3a
assets/storymodecharacters/terran/sm_hyperionarmorer/sm_hyperionarmorer.m3
assets/storymodecharacters/zerg/smx1_zerglingt1b/smx1_zerglingt1b.m3
assets/storymodecharacters/terran/sm_labtech01/sm_labtech01.m3
assets/storymodecharacters/terran/sm_marine04/sm_marine04.m3
assets/storymodecharacters/zerg/smx1_eggroomroachegg/smx1_eggroomroachegg.m3
assets/storymodecharacters/protoss/sm_zeratul_requiredanims/sm_zeratul_requiredanims.m3a
assets/storymodecharacters/zerg/smx1_kerrigandezerged_lighting_lab/smx1_kerrigandezerged_lighting_lab.m3
assets/storymodecharacters/zerg/smx1_zergadjutant_requiredanims_portraittravel_left/smx1_zergadjutant_requiredanims_portraittravel_left.m3a
assets/storymodecharacters/terran/sm_banshee_charanims/sm_banshee_charanims.m3a
assets/storymodecharacters/terran/sm_arcturus_facialanims/sm_arcturus_facialanims.m3a
assets/storymodecharacters/terran/sm_marine02aod_charanims/sm_marine02aod_charanims.m3a
assets/storymodecharacters/zerg/smx1_mutaliskt1/smx1_mutaliskt1.m3
assets/storymodecharacters/terran/sm_arcturus_dialogue12/sm_arcturus_dialogue12.m3a
assets/storymodecharacters/terran/sm_colonist_facialanims/sm_colonist_facialanims.m3a
assets/storymodecharacters/terran/sm_raynorcommander_dialogue12/sm_raynorcommander_dialogue12.m3a
assets/storymodecharacters/terran/sm_marine02_facialanims/sm_marine02_facialanims.m3a
assets/storymodecharacters/terran/smx1_marinedominion/smx1_marinedominion_xtras_zerg05.m3a
assets/storymodecharacters/zerg/sm_zergling_dialogue11/sm_zergling_dialogue11_01.m3a
assets/storymodecharacters/zerg/smx1_zergling/smx1_zergling.m3
assets/storymodecharacters/terran/smx1_valerian/smx1_valerian.m3
assets/storymodecharacters/terran/sm_labtech01_dialogue07/sm_labtech01_dialogue07.m3a
assets/storymodecharacters/terran/smx1_nova/smx1_nova_xtras_zerg02.m3a
assets/storymodecharacters/terran/sm_valerian_dialogue16/sm_valerian_dialogue16.m3a
assets/storymodecharacters/zerg/smx1_roach/smx1_roach.m3
assets/storymodecharacters/terran/smx1_raynormarine_dialogue02/smx1_raynormarine_dialogue02.m3a
assets/storymodecharacters/terran/sm_hyperionarmorer_facialanims/sm_hyperionarmorer_facialanims.m3a
assets/storymodecharacters/zerg/smx1_evolutionmaster_requiredanims_portrait/smx1_evolutionmaster_requiredanims_portrait.m3
assets/storymodecharacters/terran/smx1_labdoctora/smx1_labdoctora_xtras_zerg01.m3a
assets/storymodecharacters/terran/sm_bountyhunter_dialogue14/sm_bountyhunter_dialogue14.m3a
assets/storymodecharacters/terran/sm_marinerifle_dialogue17/sm_marinerifle_dialogue17.m3
assets/storymodecharacters/zerg/smx1_kerriganinfested_interactiveanims/smx1_kerriganinfested_interactiveanims.m3a
assets/storymodecharacters/zerg/smx1_banelingex1b/smx1_banelingex1b.m3
assets/storymodecharacters/terran/sm_firstofficer_dialogue14/sm_firstofficer_dialogue14.m3a
assets/storymodecharacters/zerg/smx1_eggroomzergflyeregg/smx1_eggroomzergflyeregg.m3
assets/storymodecharacters/terran/sm_hyperioncrew02_requiredanims/sm_hyperioncrew02_requiredanims.m3a
assets/storymodecharacters/terran/sm_newsreportermale_dialogue18/sm_newsreportermale_dialogue18.m3a
assets/storymodecharacters/terran/sm_nova_facialanims/sm_nova_facialanims.m3a
assets/storymodecharacters/terran/sm_hyperioncrew01/sm_hyperioncrew01.m3
assets/storymodecharacters/terran/sm_donnyvermilliondeath/sm_donnyvermilliondeath.m3
assets/storymodecharacters/terran/sm_marinerifle_dialogue13/sm_marinerifle_dialogue13.m3a
assets/storymodecharacters/zerg/sm_zergling_dialogue11/sm_zergling_dialogue11_00.m3a
assets/storymodecharacters/terran/sm_valerian_requiredanims/sm_valerian_requiredanims.m3a
assets/storymodecharacters/terran/sm_marine02aod_dialogue17/sm_marine02aod_dialogue17.m3
assets/storymodecharacters/zerg/smx1_evolutionmaster_lighting/smx1_evolutionmaster_lighting.m3a
assets/storymodecharacters/terran/sm_raynorcommander_facialanims/sm_raynorcommander_facialanims.m3a
assets/storymodecharacters/terran/sm_marine01_dialogue14/sm_marine01_dialogue14.m3a
assets/storymodecharacters/terran/sm_raynormarine/sm_raynormarine.m3
assets/storymodecharacters/terran/sm_marine03_dialogue16/sm_marine03_dialogue16.m3a
assets/storymodecharacters/terran/sm_marine02_charanims/sm_marine02_charanims.m3a
assets/storymodecharacters/terran/sm_raynormarine_dialogue06c/sm_raynormarine_dialogue06c.m3a
assets/storymodecharacters/terran/smx1_eliteguard_dialogue02/smx1_eliteguard_dialogue02.m3a
assets/storymodecharacters/terran/sm_marine_01_facialanims/sm_marine_01_facialanims.m3a
assets/storymodecharacters/terran/smx1_marinedominion/smx1_marinedominion.m3
assets/storymodecharacters/terran/sm_banshee/sm_banshee.m3
assets/storymodecharacters/terran/sm_marine03/sm_marine03.m3
assets/storymodecharacters/terran/sm_marine03_charanims/sm_marine03_charanims.m3a
assets/storymodecharacters/terran/smx1_labdoctord/smx1_labdoctord_xtras_zerg01.m3a
assets/storymodecharacters/terran/sm_hyperioncrew06_requiredanims/sm_hyperioncrew06_requiredanims.m3a
assets/storymodecharacters/terran/smx1_officermarcuscade/smx1_officermarcuscade.m3
assets/storymodecharacters/terran/sm_firstofficer_dialogue09/sm_firstofficer_dialogue09.m3a
assets/storymodecharacters/terran/sm_marine_01_baranims/sm_marine_01_baranims.m3a
assets/storymodecharacters/zerg/sm_mutalisk_dialogue0508/sm_mutalisk_dialogue0508.m3a
assets/storymodecharacters/zerg/sm_mutalisk_dialogue0502/sm_mutalisk_dialogue0502.m3a
assets/storymodecharacters/terran/sm_armorydropship/sm_armorydropship.m3
assets/storymodecharacters/terran/sm_hyperionarmorer_dialogue02b/sm_hyperionarmorer_dialogue02b.m3a
assets/storymodecharacters/terran/smx1_officerjessicahall/smx1_officerjessicahall_xtras_zerg03.m3a
assets/storymodecharacters/zerg/sm_mutalisk_dialogue0507/sm_mutalisk_dialogue0507.m3a
assets/storymodecharacters/terran/sm_colonist_requiredanims/sm_colonist_requiredanims.m3a
assets/storymodecharacters/zerg/smx1_kerrigandezerged_lighting/smx1_kerrigandezerged_lighting.m3a
assets/storymodecharacters/zerg/sm_zergling_dialogue11/sm_zergling_dialogue11_02.m3a
assets/storymodecharacters/terran/sm_raynorcommander_dialogue14/sm_raynorcommander_dialogue14.m3a
assets/storymodecharacters/terran/sm_dropship_dialogue17/sm_dropship_dialogue17.m3a
assets/storymodecharacters/terran/sm_mercenary01/sm_mercenary01.m3
assets/storymodecharacters/zerg/sm_queen/sm_queen.m3
assets/storymodecharacters/terran/sm_labtech01_lighting/sm_labtech01_lighting.m3a
assets/storymodecharacters/terran/sm_nova_dialogue14/sm_nova_dialogue14.m3a
assets/storymodecharacters/terran/smx1_generalwarfield/smx1_generalwarfield.m3
assets/storymodecharacters/zerg/sm_hydralisk_dialogue11/sm_hydralisk_dialogue11.m3a
assets/storymodecharacters/terran/sm_raynorcommander_dialogue03/sm_raynorcommander_dialogue03.m3a
assets/storymodecharacters/terran/sm_hyperioncrew02/sm_hyperioncrew02.m3
assets/storymodecharacters/terran/sm_raynormarine_dialogue11/sm_raynormarine_dialogue11.m3a
assets/storymodecharacters/terran/sm_fly/sm_fly.m3
assets/storymodecharacters/zerg/smx1_kerrigandezerged/smx1_kerrigandezerged_xtras_zerg01.m3a
assets/storymodecharacters/zerg/smx1_roacht1b/smx1_roacht1b.m3
assets/storymodecharacters/zerg/smx1_zergling/smx1_zergling_xtras_zerg05.m3a
assets/storymodecharacters/terran/sm_marine03_dialogue06b/sm_marine03_dialogue06b.m3a
assets/storymodecharacters/zerg/sm_mutalisk_charanims/sm_mutalisk_charanims.m3a
assets/storymodecharacters/terran/sm_bountyhunter_facialanims/sm_bountyhunter_facialanims.m3a
assets/storymodecharacters/terran/sm_mercenary03_requiredanims/sm_mercenary03_requiredanims.m3a
assets/storymodecharacters/zerg/smx1_baneling/smx1_baneling.m3
assets/storymodecharacters/zerg/smx1_roachex1a/smx1_roachex1a.m3
assets/storymodecharacters/terran/smx1_greasemonkeyearl/smx1_greasemonkeyearl_xtras_zerg03.m3a
assets/storymodecharacters/zerg/smx1_evolutionmasterbase/smx1_evolutionmasterbase.m3
assets/storymodecharacters/zerg/kerriganabilityuisurge/kerriganabilityuisurge.m3
assets/storymodecharacters/terran/sm_mikeliberty_dialogue18/sm_mikeliberty_dialogue18.m3a
assets/storymodecharacters/terran/sm_raynorcommander_requiredanims/sm_raynorcommander_requiredanims.m3a
assets/storymodecharacters/terran/sm_marinerifle_dialogue16/sm_marinerifle_dialogue16.m3a
assets/storymodecharacters/zerg/smx1_eggroominfestoregg/smx1_eggroominfestoregg.m3
assets/storymodecharacters/terran/sm_newsreporterfemale_dialogue18/sm_newsreporterfemale_dialogue18.m3a
assets/storymodecharacters/terran/sm_raynorcommander_dialogue07/sm_raynorcommander_dialogue07.m3a
assets/storymodecharacters/zerg/sm_mutalisk_dialogue11/sm_mutalisk_dialogue11.m3a
assets/storymodecharacters/terran/smx1_labdoctorc/smx1_labdoctorc.m3
assets/storymodecharacters/terran/sm_bountyhunter_dialogue09/sm_bountyhunter_dialogue09.m3a
assets/storymodecharacters/terran/sm_marine04_dialogue17/sm_marine04_dialogue17.m3a
assets/storymodecharacters/terran/sm_hyperioncrew05_requiredanims/sm_hyperioncrew05_requiredanims.m3a
assets/storymodecharacters/terran/sm_mikeliberty/sm_mikeliberty.m3
assets/storymodecharacters/terran/sm_marine_01_dialogue05/sm_marine_01_dialogue05.m3a
assets/storymodecharacters/terran/smx1_maleghost/smx1_maleghost.m3
assets/storymodecharacters/terran/smx1_officerbralik/smx1_officerbralik_xtras_zerg03.m3a
assets/storymodecharacters/terran/sm_mercenary03/sm_mercenary03.m3
assets/storymodecharacters/terran/sm_raynormarine_requiredanims/sm_raynormarine_requiredanims.m3a
assets/storymodecharacters/terran/sm_raynorcommander_dialogue01/sm_raynorcommander_dialogue01.m3a
assets/storymodecharacters/zerg/sm_zergedhanson_dialogue13/sm_zergedhanson_dialogue13.m3a
assets/storymodecharacters/zerg/sm_zergedhanson/sm_zergedhanson.m3
assets/storymodecharacters/terran/smx1_raynorcommander/smx1_raynorcommander_xtras_zerg01.m3a
assets/storymodecharacters/terran/sm_adjutanthologram_dialogue01/sm_adjutanthologram_dialogue01.m3a
assets/storymodecharacters/terran/sm_adjutanthologram/sm_adjutanthologram.m3
assets/storymodecharacters/terran/sm_donnyvermillion_facialanims/sm_donnyvermillion_facialanims.m3
assets/storymodecharacters/terran/sm_hyperionbartender/sm_hyperionbartender.m3
assets/storymodecharacters/zerg/sm_hydraliskdead/sm_hydraliskdead.m3
assets/storymodecharacters/terran/sm_firstofficer_dialogue06a/sm_firstofficer_dialogue06a.m3a
assets/storymodecharacters/terran/sm_hyperioncrew03/sm_hyperioncrew03.m3
assets/storymodecharacters/zerg/smx1_kerrigandezerged/smx1_kerrigandezerged_xtras_zerg04.m3a
assets/storymodecharacters/terran/sm_hyperioncrew05/sm_hyperioncrew05.m3
assets/storymodecharacters/zerg/smx1_evolutionmaster/smx1_evolutionmaster.m3
assets/storymodecharacters/terran/sm_marine01_dialogue06a/sm_marine01_dialogue06a.m3a
assets/storymodecharacters/terran/sm_hyperionarmorer_dialogue07/sm_hyperionarmorer_dialogue07.m3a
assets/storymodecharacters/zerg/smx1_banelingex1a/smx1_banelingex1a.m3
assets/storymodecharacters/terran/sm_marine02/sm_marine02.m3
assets/storymodecharacters/terran/sm_colonist/sm_colonist.m3
assets/storymodecharacters/terran/sm_bountyhunter_requiredanims/sm_bountyhunter_requiredanims.m3a
assets/storymodecharacters/terran/sm_arcturus_dialogue18/sm_arcturus_dialogue18.m3a
assets/storymodecharacters/terran/smx1_labdoctorc/smx1_labdoctorc_xtras_zerg01.m3a
assets/storymodecharacters/terran/sm_marine_01_dialogue15/sm_marine_01_dialogue15.m3a
assets/storymodecharacters/terran/sm_marinerifle_dialogue06c/sm_marinerifle_dialogue06c.m3a
assets/storymodecharacters/terran/sm_hyperioncrew02_dialogue07/sm_hyperioncrew02_dialogue07.m3a
assets/storymodecharacters/terran/sm_donnyvermillion_dialogue18/sm_donnyvermillion_dialogue18.m3a
assets/storymodecharacters/terran/sm_raynormarine_dialogue17/sm_raynormarine_dialogue17.m3a
assets/storymodecharacters/terran/sm_hyperioncrew01_dialogue07/sm_hyperioncrew01_dialogue07.m3a
assets/storymodecharacters/terran/sm_marine03_dialogue11/sm_marine03_dialogue11.m3a
assets/storymodecharacters/terran/sm_hyperioncrew03_requiredanims/sm_hyperioncrew03_requiredanims.m3a
assets/storymodecharacters/terran/smx1_eliteguard/smx1_eliteguard_xtras_zerg03.m3a
assets/storymodecharacters/terran/sm_bountyhunter_lighting/sm_bountyhunter_lighting.m3a
assets/storymodecharacters/zerg/sm_mutalisk_dialogue0506/sm_mutalisk_dialogue0506.m3a
assets/storymodecharacters/terran/smx1_generalwarfield/smx1_generalwarfield_xtras_zerg05.m3a
assets/storymodecharacters/terran/sm_marinerifle_dialogue17/sm_marinerifle_dialogue17.m3a
assets/storymodecharacters/terran/sm_marine02_dialogue16/sm_marine02_dialogue16.m3a
assets/storymodecharacters/terran/smx1_firstofficer/smx1_firstofficer_xtras_zerg03.m3a
assets/storymodecharacters/terran/smx1_raynorcommander/smx1_raynorcommander.m3
assets/storymodecharacters/zerg/smx1_zergadjutant_requiredanims_portraittravel_right/smx1_zergadjutant_requiredanims_portraittravel_right.m3
assets/storymodecharacters/zerg/smx1_zergadjutant_requiredanims_portraittravel_right/smx1_zergadjutant_requiredanims_portraittravel_right.m3a
assets/storymodecharacters/zerg/smx1_eggroomultraliskegg/smx1_eggroomultraliskegg.m3
assets/storymodecharacters/zerg/smx1_zerglingt1a/smx1_zerglingt1a.m3
assets/storymodecharacters/zerg/smx1_evolutionmaster_requiredanims/smx1_evolutionmaster_requiredanims.m3a
assets/storymodecharacters/terran/smx1_greasemonkeyannabelle/smx1_greasemonkeyannabelle.m3
assets/storymodecharacters/zerg/sm_zergling_dialogue17/sm_zergling_dialogue17.m3a
assets/storymodecharacters/protoss/smx1_lasarra/smx1_lasarra.m3
assets/storymodecharacters/terran/smx1_greasemonkeyearl/smx1_greasemonkeyearl.m3
assets/storymodecharacters/terran/smx1_maleghost/smx1_maleghost_xtras_zerg02.m3a
assets/storymodecharacters/terran/sm_marine02_lighting/sm_marine02_lighting.m3a
assets/storymodecharacters/terran/sm_marine03_dialogue17/sm_marine03_dialogue17.m3
assets/storymodecharacters/terran/sm_nova_dialogue18/sm_nova_dialogue18.m3a
assets/storymodecharacters/zerg/sm_mutalisk_charanims/sm_mutalisk_charanims.m3
assets/storymodecharacters/terran/smx1_eliteguard/smx1_eliteguard.m3
assets/storymodecharacters/terran/sm_arcturushologram_dialogue16/sm_arcturushologram_dialogue16.m3a
assets/storymodecharacters/zerg/smx1_kerrigandezerged_requiredanims_portrait/smx1_kerrigandezerged_requiredanims_portrait.m3
assets/storymodecharacters/terran/sm_raynorcommander_dialogue06a/sm_raynorcommander_dialogue06a.m3a
assets/storymodecharacters/terran/sm_bountyhunter/sm_bountyhunter.m3
assets/storymodecharacters/terran/sm_raynorcommander_dialogue09/sm_raynorcommander_dialogue09.m3a
assets/storymodecharacters/terran/sm_adjutant/sm_adjutant.m3
assets/storymodecharacters/terran/sm_raynorcommander_labanims/sm_raynorcommander_labanims.m3a
assets/storymodecharacters/terran/sm_valerian_dialogue06c/sm_valerian_dialogue06c.m3a
assets/storymodecharacters/terran/sm_marine02aod_facialanims/sm_marine02aod_facialanims.m3a
assets/storymodecharacters/zerg/smx1_roachex1b/smx1_roachex1b.m3
assets/storymodecharacters/zerg/sm_hydralisk_dialogue17/sm_hydralisk_dialogue17.m3a
assets/storymodecharacters/terran/sm_mercenary03_facialanims/sm_mercenary03_facialanims.m3a
assets/storymodecharacters/terran/sm_firstofficer_dialogue05/sm_firstofficer_dialogue05.m3a
assets/storymodecharacters/terran/smx1_labdoctorb_dialogue02/smx1_labdoctorb_dialogue02.m3a
assets/storymodecharacters/zerg/smx1_kerrigandezerged/smx1_kerrigandezerged_xtras_zerg02_210.m3a
assets/storymodecharacters/terran/sm_marauder/sm_marauder.m3
assets/storymodecharacters/terran/smx1_valerian/smx1_valerian_xtras_zerg01.m3a
assets/storymodecharacters/terran/sm_raynorcommander_dialogue08/sm_raynorcommander_dialogue08.m3a
assets/storymodecharacters/zerg/smx1_kerrigandezerged/smx1_kerrigandezerged_xtras_zerg03.m3a
assets/storymodecharacters/terran/sm_labtech01_labanims/sm_labtech01_labanims.m3a
assets/storymodecharacters/terran/sm_firstofficer_requiredanims/sm_firstofficer_requiredanims.m3a
assets/storymodecharacters/terran/sm_firstofficer_dialogue12/sm_firstofficer_dialogue12.m3a
assets/storymodecharacters/terran/sm_marine01/sm_marine01.m3
assets/storymodecharacters/zerg/smx1_roacht1_requiredanims/smx1_roacht1_requiredanims.m3a
assets/storymodecharacters/terran/smx1_marinecommando/smx1_marinecommando.m3
assets/storymodecharacters/zerg/smx1_eggmonstert1/smx1_eggmonstert1.m3
assets/storymodecharacters/terran/smx1_marinedominion/smx1_marinedominion_xtras_zerg02.m3a
assets/storymodecharacters/terran/sm_marinerifle/sm_marinerifle.m3
assets/storymodecharacters/zerg/sm_mutalisk_dialogue16/sm_mutalisk_dialogue16.m3a
assets/storymodecharacters/terran/sm_firstofficer_facialanims/sm_firstofficer_facialanims.m3a
assets/storymodecharacters/terran/sm_viking/sm_viking.m3
assets/storymodecharacters/zerg/smx1_zergadjutant_requiredanims_portrait/smx1_zergadjutant_requiredanims_portrait.m3
assets/storymodecharacters/terran/sm_armorysiegetank/sm_armorysiegetank.m3
assets/storymodecharacters/zerg/sm_mutalisk_dialogue0503/sm_mutalisk_dialogue0503.m3a
assets/storymodecharacters/terran/sm_newsreportermale/sm_newsreportermale.m3
assets/storymodecharacters/terran/sm_hyperioncrew04/sm_hyperioncrew04.m3
assets/storymodecharacters/terran/sm_raynorcommander_dialogue10/sm_raynorcommander_dialogue10.m3a
assets/storymodecharacters/terran/sm_katelockwell_dialogue18/sm_katelockwell_dialogue18.m3a
assets/storymodecharacters/zerg/sm_mutalisk/sm_mutalisk.m3
assets/storymodecharacters/zerg/smx1_roach_lighting/smx1_roach_lighting.m3a
assets/storymodecharacters/zerg/smx1_primalzergcommandert1/smx1_primalzergcommandert1.m3
assets/storymodecharacters/terran/sm_raynorcommander_bridgeanims/sm_raynorcommander_bridgeanims.m3a
assets/storymodecharacters/terran/sm_marine_01_requiredanims/sm_marine_01_requiredanims.m3a
assets/storymodecharacters/zerg/sm_hydralisk/sm_hydralisk.m3
assets/storymodecharacters/zerg/smx1_banelingt1a/smx1_banelingt1a.m3
assets/storymodecharacters/zerg/smx1_zergadjutant_requiredanims_portraittravel_left/smx1_zergadjutant_requiredanims_portraittravel_left.m3
assets/storymodecharacters/terran/sm_hyperioncrew03_dialogue07/sm_hyperioncrew03_dialogue07.m3a
assets/storymodecharacters/terran/sm_hyperioncrew04_requiredanims/sm_hyperioncrew04_requiredanims.m3a
assets/storymodecharacters/terran/sm_marine02aod_dialogue17/sm_marine02aod_dialogue17.m3a
assets/storymodecharacters/terran/sm_marine02aod_lighting/sm_marine02aod_lighting.m3a
assets/storymodecharacters/terran/sm_marine_01_dialogue17/sm_marine_01_dialogue17.m3a
assets/storymodecharacters/zerg/smx1_evolutionmaster_requiredanims_portrait/smx1_evolutionmaster_requiredanims_portrait.m3a
assets/storymodecharacters/terran/smx1_marinedominion_dialogue02/smx1_marinedominion_dialogue02.m3a
assets/storymodecharacters/terran/smx1_firstofficer/smx1_firstofficer.m3
assets/storymodecharacters/terran/sm_firstofficer_lighting/sm_firstofficer_lighting.m3a
assets/storymodecharacters/terran/sm_valerian/sm_valerian.m3
assets/storymodecharacters/terran/sm_hyperionbartender_requiredanims/sm_hyperionbartender_requiredanims.m3a
assets/storymodecharacters/zerg/smx1_banelingt1_requiredanims/smx1_banelingt1_requiredanims.m3a
assets/storymodecharacters/terran/sm_katelockwell/sm_katelockwell.m3
assets/storymodecharacters/terran/sm_hyperionarmorer_lighting/sm_hyperionarmorer_lighting.m3a
assets/storymodecharacters/terran/sm_raynormarine_dialogue06b/sm_raynormarine_dialogue06b.m3a
assets/storymodecharacters/zerg/smx1_zagara/smx1_zagara.m3
assets/storymodecharacters/protoss/sm_zeratul/sm_zeratul.m3
assets/storymodecharacters/terran/sm_nova/sm_nova.m3
assets/storymodecharacters/terran/smx1_maleghost_dialogue02/smx1_maleghost_dialogue02.m3a
assets/storymodecharacters/zerg/smx1_evolutionmaster_requiredanims/smx1_evolutionmaster_requiredanims.m3
assets/storymodecharacters/zerg/smx1_baneling_lighting/smx1_baneling_lighting.m3a
assets/storymodecharacters/terran/sm_marine01_conversationanims/sm_marine01_conversationanims.m3a
assets/storymodecharacters/terran/sm_nova_dialogue14/sm_nova_dialogue14.m3
assets/storymodecharacters/terran/sm_firebat/sm_firebat.m3
assets/storymodecharacters/terran/sm_hyperionarmorer_requiredanims/sm_hyperionarmorer_requiredanims.m3a
assets/storymodecharacters/terran/sm_firstofficer/sm_firstofficer.m3
assets/storymodecharacters/terran/smx1_officermarcuscade/smx1_officermarcuscade_xtras_zerg03.m3a
assets/storymodecharacters/zerg/smx1_kerrigandezerged_interactiveanims/smx1_kerrigandezerged_interactiveanims.m3a
assets/storymodecharacters/zerg/smx1_kerrigandezerged_lighting_korhal/smx1_kerrigandezerged_lighting_korhal.m3a
assets/storymodecharacters/terran/smx1_eliteguard/smx1_eliteguard_xtras_static01.m3
assets/storymodecharacters/zerg/smx1_zergling_lighting/smx1_zergling_lighting.m3a
assets/storymodecharacters/terran/sm_valerian_facialanims/sm_valerian_facialanims.m3a
assets/storymodecharacters/zerg/smx1_kerriganinfested/smx1_kerriganinfested.m3
assets/storymodecharacters/zerg/smx1_roacht1/smx1_roacht1.m3
assets/storymodecharacters/zerg/smx1_hydraliskt1/smx1_hydraliskt1.m3
assets/storymodecharacters/terran/smx1_officerjessicahall/smx1_officerjessicahall.m3
assets/storymodecharacters/terran/sm_banshee_requiredanims/sm_banshee_requiredanims.m3a
assets/storymodecharacters/zerg/sm_mutalisk_dialogue0509/sm_mutalisk_dialogue0509.m3a
assets/storymodecharacters/terran/smx1_labdoctord/smx1_labdoctord.m3
